{
  "ate": {
    "value": -0.11994071919064299,
    "ci_lower": -0.2898331627420441,
    "ci_upper": 0.049951724360758135,
    "alpha": 0.05,
    "description": "T → Y: ATE = -0.119941 (감소)"
  },
  "cate_distribution": {
    "mean": -0.11994071919064299,
    "std": 0.1312739660248742,
    "min": -0.5198639034907911,
    "max": 0.20216165051518153,
    "histogram": {
      "bin_edges": [
        -0.5198639034907911,
        -0.49579638502392537,
        -0.47172886655705965,
        -0.44766134809019387,
        -0.42359382962332814,
        -0.39952631115646237,
        -0.3754587926895966,
        -0.35139127422273086,
        -0.3273237557558651,
        -0.3032562372889993,
        -0.2791887188221336,
        -0.2551212003552678,
        -0.23105368188840203,
        -0.2069861634215363,
        -0.18291864495467053,
        -0.1588511264878048,
        -0.13478360802093903,
        -0.11071608955407325,
        -0.08664857108720753,
        -0.06258105262034175,
        -0.038513534153476026,
        -0.014446015686610192,
        0.00962150278025553,
        0.033689021247121254,
        0.05775653971398709,
        0.08182405818085281,
        0.10589157664771853,
        0.12995909511458426,
        0.1540266135814501,
        0.1780941320483158,
        0.20216165051518153
      ],
      "counts": [
        1,
        0,
        1,
        0,
        0,
        1,
        0,
        2,
        2,
        3,
        6,
        3,
        4,
        8,
        7,
        7,
        6,
        11,
        4,
        4,
        7,
        6,
        5,
        6,
        1,
        2,
        0,
        1,
        0,
        2
      ]
    }
  },
  "segments": [],
  "dag": {
    "nodes": [],
    "edges": []
  },
  "metadata": {
    "generated_at": "2026-02-14T10:20:45.803828",
    "scenario": "External Data",
    "model_type": "linear",
    "n_samples": 100,
    "feature_names": [
      "X1",
      "X2"
    ],
    "treatment_col": "T",
    "outcome_col": "Y"
  },
  "sensitivity": {
    "status": "Fail",
    "placebo_test": {
      "null_mean": 0.002530723861376049,
      "null_std": 0.06721275332196633,
      "p_value": 0.1,
      "original_ate": -0.11994071919064299,
      "n_iter": 20,
      "status": "Fail",
      "interpretation": "Placebo ATE 평균=0.00253 (≈0), 원래 ATE=-0.11994는 Null 분포에서 구별 불가"
    },
    "random_common_cause": {
      "mean_effect": -0.063517973283408,
      "stability": 0.6928571174028447,
      "bootstrap_ci": [
        -0.25029989163740207,
        0.07746500402220093
      ],
      "status": "Fail"
    },
    "e_value": {
      "point": 1.5064661913569468,
      "ci_bound": 1.2832631677461925,
      "interpretation": "보통 — 적당한 교란에 민감할 수 있음",
      "status": "Pass"
    },
    "overlap": {
      "overlap_score": 0.912,
      "ps_stats": {
        "treated_mean": 0.54,
        "treated_std": 0.097,
        "control_mean": 0.498,
        "control_std": 0.1
      },
      "iptw_max_weight": 3.2,
      "pct_extreme_weights": 0.0,
      "ps_histogram": {
        "bin_edges": [
          0.0,
          0.05,
          0.1,
          0.15,
          0.2,
          0.25,
          0.3,
          0.35,
          0.4,
          0.45,
          0.5,
          0.55,
          0.6,
          0.65,
          0.7,
          0.75,
          0.8,
          0.85,
          0.9,
          0.95,
          1.0
        ],
        "treated_counts": [
          0.0,
          0.0,
          0.0,
          0.0,
          0.0,
          0.0,
          0.0,
          0.09615384614903852,
          0.11538461537884623,
          0.057692307689423114,
          0.2692307692173076,
          0.21153846152788452,
          0.11538461537884634,
          0.09615384614903841,
          0.019230769229807727,
          0.01923076922980768,
          0.0,
          0.0,
          0.0,
          0.0
        ],
        "control_counts": [
          0.0,
          0.0,
          0.0,
          0.0,
          0.02083333333229168,
          0.020833333332291655,
          0.04166666666458336,
          0.062499999996875034,
          0.12499999999375007,
          0.18749999999062508,
          0.2291666666552082,
          0.1874999999906249,
          0.0624999999968751,
          0.062499999996874965,
          0.0,
          0.0,
          0.0,
          0.0,
          0.0,
          0.0
        ]
      },
      "interpretation": "충분한 Overlap — 처치/통제 그룹 간 균형 양호",
      "status": "Pass"
    },
    "gates": {
      "n_groups": 4,
      "groups": [
        {
          "group_id": 1,
          "label": "Q1",
          "n": 25,
          "mean_cate": -0.288,
          "std_cate": 0.074,
          "ci_lower": -0.317,
          "ci_upper": -0.259,
          "clan_features": {
            "X1": -0.29,
            "X2": 0.952
          }
        },
        {
          "group_id": 2,
          "label": "Q2",
          "n": 25,
          "mean_cate": -0.1599,
          "std_cate": 0.0249,
          "ci_lower": -0.1697,
          "ci_upper": -0.1502,
          "clan_features": {
            "X1": 0.227,
            "X2": 0.119
          }
        },
        {
          "group_id": 3,
          "label": "Q3",
          "n": 25,
          "mean_cate": -0.0756,
          "std_cate": 0.0297,
          "ci_lower": -0.0872,
          "ci_upper": -0.0639,
          "clan_features": {
            "X1": 0.367,
            "X2": -0.442
          }
        },
        {
          "group_id": 4,
          "label": "Q4",
          "n": 25,
          "mean_cate": 0.0437,
          "std_cate": 0.0581,
          "ci_lower": 0.021,
          "ci_upper": 0.0665,
          "clan_features": {
            "X1": 0.025,
            "X2": -1.268
          }
        }
      ],
      "f_statistic": 181.07,
      "heterogeneity": "강한 이질성 — 세그먼트별 차등 전략 필수",
      "status": "Info"
    }
  },
  "explainability": {
    "feature_importance": [
      {
        "feature": "X2",
        "importance": 0.10320933529313442
      },
      {
        "feature": "X1",
        "importance": 0.007381574818813524
      }
    ],
    "counterfactuals": [
      {
        "user_id": 0,
        "original_cate": -0.22987908519727474,
        "counterfactual_cate": -0.24138750045506369,
        "diff": -0.011508415257788951,
        "description": "X1 50% 감소 시 CATE 변화"
      },
      {
        "user_id": 1,
        "original_cate": -0.18400966685659356,
        "counterfactual_cate": -0.19449812695809457,
        "diff": -0.010488460101501007,
        "description": "X1 50% 감소 시 CATE 변화"
      },
      {
        "user_id": 2,
        "original_cate": -0.10956450156325429,
        "counterfactual_cate": -0.11951740280703112,
        "diff": -0.009952901243776832,
        "description": "X1 50% 감소 시 CATE 변화"
      },
      {
        "user_id": 3,
        "original_cate": -0.12725434759495882,
        "counterfactual_cate": -0.13674621620512045,
        "diff": -0.00949186861016163,
        "description": "X1 50% 감소 시 CATE 변화"
      },
      {
        "user_id": 4,
        "original_cate": 0.01140775998625945,
        "counterfactual_cate": 0.002254804377118335,
        "diff": -0.009152955609141117,
        "description": "X1 50% 감소 시 CATE 변화"
      }
    ]
  },
  "ai_insights": {
    "summary": "Scenario Scenario A 분석 결과, T의 변화는 Y을(를) 평균 11.99%p 감소시키는 큰 효과를 보였습니다. 95% 신뢰구간 [-0.2898, 0.0500]을 고려하면 이 결과는 통계적으로 유의하지 않습니다.",
    "headline": "⚠️ T → Y: ATE = -0.1199 (감소 12.0%p)",
    "significance": "유의하지 않음",
    "effect_size": "large",
    "effect_direction": "감소",
    "top_drivers": [
      {
        "feature": "X2",
        "importance": 0.1032
      },
      {
        "feature": "X1",
        "importance": 0.0074
      }
    ],
    "model_quality": "poor",
    "model_quality_label": "미흡",
    "correlation": 0,
    "rmse": 0,
    "recommendation": "T의 Y에 대한 효과가 통계적으로 유의하지 않습니다.",
    "generated_by": "rule_based"
  },
  "conformal": {
    "mode": "split",
    "coverage": 1.0,
    "target_coverage": 0.95,