{
  "ihdp": {
    "S-Learner": {
      "pehe_mean": 1.3828751439615559,
      "pehe_std": 0.0326657059684631,
      "ate_bias_mean": 0.06412262056100025,
      "ate_bias_std": 0.03966167598337205
    },
    "T-Learner": {
      "pehe_mean": 1.1638448333759073,
      "pehe_std": 0.024221141928567884,
      "ate_bias_mean": 0.038454959468360896,
      "ate_bias_std": 0.03092206085410396
    },
    "X-Learner": {
      "pehe_mean": 1.323636729893709,
      "pehe_std": 0.02941426789414885,
      "ate_bias_mean": 0.0352435896520352,
      "ate_bias_std": 0.024282529745580806
    },
    "DR-Learner": {
      "pehe_mean": 1.193867688746526,
      "pehe_std": 0.033607737822293426,
      "ate_bias_mean": 0.037718961691915645,
      "ate_bias_std": 0.029307961065753823
    },
    "R-Learner": {
      "pehe_mean": 1.635341973164444,
      "pehe_std": 0.04596472710598929,
      "ate_bias_mean": 0.13473225894707375,
      "ate_bias_std": 0.10646519072722165
    },
    "LinearDML": {
      "pehe_mean": 1.465248551692808,
      "pehe_std": 0.02360921582650605,
      "ate_bias_mean": 0.06623731739622735,
      "ate_bias_std": 0.0613054969869266
    },
    "Ensemble": {
      "pehe_mean": 1.2139814122914738,
      "pehe_std": 0.025140506073648483,
      "ate_bias_mean": 0.0457890230455288,
      "ate_bias_std": 0.03413849789750138
    }
  },
  "acic": {
    "S-Learner": {
      "pehe_mean": 0.49089195856058404,
      "pehe_std": 0.01697400127267852,
      "ate_bias_mean": 0.017745966659489066,
      "ate_bias_std": 0.013094353456380759
    },
    "T-Learner": {
      "pehe_mean": 0.8352454136270124,
      "pehe_std": 0.012885137953713597,
      "ate_bias_mean": 0.041276699896511636,
      "ate_bias_std": 0.01758103060019216
    },
    "X-Learner": {
      "pehe_mean": 0.568641416577109,
      "pehe_std": 0.009052472280165204,
      "ate_bias_mean": 0.020038325403549263,
      "ate_bias_std": 0.011266844985461665
    },
    "DR-Learner": {
      "pehe_mean": 0.7987222012407145,
      "pehe_std": 0.016834981985687225,
      "ate_bias_mean": 0.03990818854557236,
      "ate_bias_std": 0.017603994661582786
    },
    "R-Learner": {
      "pehe_mean": 1.2055383612049124,
      "pehe_std": 0.03486194521327823,
      "ate_bias_mean": 0.11141121831455436,
      "ate_bias_std": 0.06032269766057581
    },
    "LinearDML": {
      "pehe_mean": 0.613726761674775,
      "pehe_std": 0.010362394207978557,
      "ate_bias_mean": 0.0714269374826317,
      "ate_bias_std": 0.02469163797713346
    },
    "Ensemble": {
      "pehe_mean": 0.6115410976987542,
      "pehe_std": 0.012581540097805127,
      "ate_bias_mean": 0.013167363685910694,
      "ate_bias_std": 0.006845354327082738
    }
  },
  "jobs": {
    "S-Learner": {
      "pehe_mean": 288.4195993372244,
      "pehe_std": 11.267700682452611,
      "ate_bias_mean": 79.1804291675289,
      "ate_bias_std": 36.79988961878678
    },
    "T-Learner": {
      "pehe_mean": 482.65452527391164,
      "pehe_std": 23.237324711793434,
      "ate_bias_mean": 35.18797877797751,
      "ate_bias_std": 21.73973995606773
    },
    "X-Learner": {
      "pehe_mean": 377.246503311757,
      "pehe_std": 22.385394566160233,
      "ate_bias_mean": 38.55333943873411,
      "ate_bias_std": 16.291126635472136
    },
    "DR-Learner": {
      "pehe_mean": 534.9899943223884,
      "pehe_std": 29.337121991459384,
      "ate_bias_mean": 34.882919394867166,
      "ate_bias_std": 25.17963490677082
    },
    "R-Learner": {
      "pehe_mean": 703.3569384807865,
      "pehe_std": 36.55949102614463,
      "ate_bias_mean": 81.69889597386494,
      "ate_bias_std": 73.83554665144825
    },
    "LinearDML": {
      "pehe_mean": 170.54506114696693,
      "pehe_std": 32.31050259458279,
      "ate_bias_mean": 39.24317181883312,
      "ate_bias_std": 36.64196294366749
    },
    "Ensemble": {
      "pehe_mean": 381.75930575146594,
      "pehe_std": 18.397887890156074,
      "ate_bias_mean": 39.806816730832885,
      "ate_bias_std": 33.766003621485886
    }
  }
}