{
  "ihdp": {
    "S-Learner": {
      "pehe_mean": 1.4177857661030557,
      "pehe_std": 0.0316810204022187,
      "ate_bias_mean": 0.05593916872623882,
      "ate_bias_std": 0.04205728391074732
    },
    "T-Learner": {
      "pehe_mean": 1.164247900863661,
      "pehe_std": 0.0016565266713473026,
      "ate_bias_mean": 0.039471167228238124,
      "ate_bias_std": 0.018783274367575375
    },
    "X-Learner": {
      "pehe_mean": 1.3610515432587658,
      "pehe_std": 0.011306767908482063,
      "ate_bias_mean": 0.10180697997553462,
      "ate_bias_std": 0.04357396908719052
    },
    "DR-Learner": {
      "pehe_mean": 1.3335210946159077,
      "pehe_std": 0.15308036727762653,
      "ate_bias_mean": 0.07000290758000327,
      "ate_bias_std": 0.018134192176175734
    },
    "R-Learner": {
      "pehe_mean": 2.1772139587963655,
      "pehe_std": 0.13168843816548192,
      "ate_bias_mean": 0.12715595829931167,
      "ate_bias_std": 0.13603648832962914
    },
    "LinearDML": {
      "pehe_mean": 1.467436505589597,
      "pehe_std": 0.030465055428624183,
      "ate_bias_mean": 0.07001880441944966,
      "ate_bias_std": 0.07531362451410875
    },
    "Ensemble": {
      "pehe_mean": 1.3769737468355938,
      "pehe_std": 0.09226714656786338,
      "ate_bias_mean": 0.06139363637840582,
      "ate_bias_std": 0.03758288971696689
    }
  },
  "acic": {
    "S-Learner": {
      "pehe_mean": 0.47665545822796435,
      "pehe_std": 0.01400401328398766,
      "ate_bias_mean": 0.017104756968565792,
      "ate_bias_std": 0.015170330689056606
    },
    "T-Learner": {
      "pehe_mean": 0.8116162537877353,
      "pehe_std": 0.008408753129986075,
      "ate_bias_mean": 0.03390852105679465,
      "ate_bias_std": 0.016553171548295442
    },
    "X-Learner": {
      "pehe_mean": 0.5612555626431955,
      "pehe_std": 0.008488286504314822,
      "ate_bias_mean": 0.02067905913641126,
      "ate_bias_std": 0.01158658283358047
    },
    "DR-Learner": {
      "pehe_mean": 0.8065496707328268,
      "pehe_std": 0.01605616005018236,
      "ate_bias_mean": 0.0327260835648012,
      "ate_bias_std": 0.01676737498504132
    },
    "R-Learner": {
      "pehe_mean": 1.3219297501907457,
      "pehe_std": 0.018487736285387715,
      "ate_bias_mean": 0.1342324469291578,
      "ate_bias_std": 0.06432144585760709
    },
    "LinearDML": {
      "pehe_mean": 0.6186299893713703,
      "pehe_std": 0.012836141349258475,
      "ate_bias_mean": 0.08083802450868274,
      "ate_bias_std": 0.016725479378836675
    },
    "Ensemble": {
      "pehe_mean": 0.6032505886615975,
      "pehe_std": 0.010034384702570606,
      "ate_bias_mean": 0.013426948875520584,
      "ate_bias_std": 0.011394544751115022
    }
  },
  "jobs": {
    "S-Learner": {
      "pehe_mean": 254.5992130443586,
      "pehe_std": 18.90207794264941,
      "ate_bias_mean": 37.14239170939929,
      "ate_bias_std": 28.310996898627764
    },
    "T-Learner": {
      "pehe_mean": 449.76911307631497,
      "pehe_std": 14.446840573553118,
      "ate_bias_mean": 39.00489987766184,
      "ate_bias_std": 1.2429497674439745
    },
    "X-Learner": {
      "pehe_mean": 362.805440926958,
      "pehe_std": 25.180805481893486,
      "ate_bias_mean": 31.192098920256512,
      "ate_bias_std": 18.286289101515194
    },
    "DR-Learner": {
      "pehe_mean": 503.7033004105305,
      "pehe_std": 27.33706398579278,
      "ate_bias_mean": 44.08569095016185,
      "ate_bias_std": 0.7661712284001396
    },
    "R-Learner": {
      "pehe_mean": 739.6665991709467,
      "pehe_std": 46.69399213255509,
      "ate_bias_mean": 66.16001335216465,
      "ate_bias_std": 40.2289618120817
    },
    "LinearDML": {
      "pehe_mean": 180.3931367430418,
      "pehe_std": 33.391091503656746,
      "ate_bias_mean": 61.69529338383934,
      "ate_bias_std": 50.36934605068567
    },
    "Ensemble": {
      "pehe_mean": 332.640837985788,
      "pehe_std": 24.639279015513026,
      "ate_bias_mean": 40.858884214204366,
      "ate_bias_std": 29.913002906037477
    }
  }
}